src,dst
0,587
0,0
1,140
1,173
1,304
1,23
1,150
1,94
1,1
1,412
1,192
1,164
1,417
1,10
2,324
2,277
2,90
2,2
3,287
3,3
4,456
4,35
4,459
4,588
4,465
4,472
4,226
4,106
4,234
4,364
4,116
4,246
4,4
4,255
4,13
4,34
4,285
4,69
4,236
4,173
4,175
4,571
4,197
5,234
5,9
5,458
5,398
5,430
5,556
5,432
5,56
5,89
5,388
5,91
5,550
5,472
5,5
5,259
5,544
5,452
6,359
6,172
6,112
6,369
6,180
6,109
6,435
6,216
6,6
6,385
6,104
6,451
6,332
7,13
7,239
7,7
7,232
8,232
8,549
8,527
8,529
8,563
8,256
8,193
8,132
8,8
9,5
9,327
9,459
9,86
9,590
9,88
9,73
9,223
9,229
9,483
9,247
9,248
9,9
9,22
9,340
9,413
9,40
9,177
9,306
9,64
9,443
9,318
9,197
10,1
10,211
10,340
10,341
10,342
10,94
10,101
10,108
10,109
10,363
10,364
10,127
10,134
10,10
10,443
10,140
10,232
10,150
10,172
10,537
10,164
10,417
10,292
10,423
10,549
10,173
10,49
10,179
10,434
10,182
10,563
10,315
10,65
10,326
11,265
11,457
11,300
11,462
11,442
11,380
11,253
11,524
11,40
11,134
11,544
11,11
12,45
12,328
12,172
12,558
12,111
12,268
12,423
12,367
12,369
12,402
12,12
12,530
12,375
12,473
12,413
12,351
12,542
12,134
12,169
13,4
13,7
13,13
13,133
13,126
13,161
13,223
13,102
14,439
14,533
14,353
14,14
15,15
15,456
15,463
15,47
15,27
15,444
16,29
16,16
16,491
17,172
17,522
17,88
17,20
17,145
17,17
18,18
18,23
18,372
18,562
18,320
18,260
18,43
18,44
19,454
19,201
19,433
19,331
19,332
19,264
19,36
19,590
19,91
19,472
19,223
19,103
19,320
19,109
19,184
19,20
19,505
19,134
19,139
19,19
19,145
19,211
19,23
19,25
19,405
19,278
19,411
19,538
19,418
19,544
19,430
19,556
19,432
19,306
19,434
19,436
19,564
19,319
19,571
19,572
19,557
19,452
20,17
20,19
20,423
20,201
20,395
20,20
20,369
20,25
20,377
20,29
20,312
20,264
20,473
21,173
21,459
21,333
21,555
21,431
21,21
21,442
21,285
21,379
21,115
22,9
22,297
22,248
22,398
22,586
22,177
22,590
22,340
22,341
22,246
22,247
22,92
22,34
22,22
22,448
23,1
23,18
23,19
23,453
23,455
23,456
23,331
23,458
23,333
23,335
23,434
23,590
23,88
23,89
23,342
23,91
23,469
23,94
23,219
23,348
23,261
23,223
23,352
23,101
23,226
23,228
23,107
23,108
23,40
23,364
23,351
23,238
23,367
23,493
23,495
23,472
23,502
23,503
23,252
23,504
23,387
23,389
23,380
23,139
23,265
23,146
23,524
23,140
23,25
23,172
23,278
23,156
23,283
23,537
23,69
23,288
23,39
23,153
23,41
23,306
23,549
23,173
23,300
23,302
23,555
23,177
23,432
23,433
23,412
23,436
23,311
23,187
23,443
23,189
23,368
23,571
23,448
23,557
23,73
23,452
23,23
24,327
24,139
24,274
24,49
24,364
24,367
24,243
24,24
24,590
24,91
24,443
24,150
24,169
25,19
25,20
25,23
25,331
25,332
25,264
25,472
25,352
25,103
25,109
25,237
25,145
25,386
25,134
25,139
25,25
25,538
25,418
25,544
25,545
25,173
25,175
25,432
25,433
25,434
25,436
25,437
25,564
25,319
25,571
26,398
26,26
27,15
27,47
27,520
27,253
27,586
27,77
27,562
27,72
27,251
27,455
27,525
27,351
27,437
27,463
27,546
27,27
28,109
28,236
28,398
28,586
28,369
28,28
28,31
28,443
29,16
29,20
29,578
29,332
29,459
29,207
29,463
29,211
29,140
29,223
29,479
29,228
29,230
29,232
29,486
29,398
29,254
29,385
29,169
29,512
29,139
29,393
29,524
29,382
29,150
29,109
29,529
29,283
29,412
29,413
29,416
29,417
29,418
29,544
29,168
29,44
29,173
29,300
29,432
29,56
29,434
29,69
29,447
29,573
29,483
29,324
29,197
29,29
30,199
30,141
30,30
30,314
30,569
30,323
30,74
31,28
31,495
31,398
31,433
31,471
31,67
31,31
32,32
32,134
33,116
33,373
33,91
33,248
33,33
33,34
33,35
33,245
34,4
34,22
34,33
34,285
34,341
34,342
34,472
34,177
34,247
34,381
34,259
34,142
34,399
34,318
34,34
34,35
34,173
34,556
34,187
34,431
34,69
34,449
35,4
35,33
35,34
35,234
35,431
35,340
35,529
35,35
36,19
36,144
36,430
36,254
36,308
36,586
36,125
36,36
36,103
37,37
37,415
38,398
38,507
38,38
39,23
39,548
39,549
39,550
39,551
39,459
39,449
39,306
39,297
39,89
39,122
39,173
39,379
39,341
39,285
39,351
39,39
39,259
39,541
40,9
40,11
40,23
40,455
40,306
40,584
40,460
40,462
40,91
40,471
40,363
40,459
40,369
40,139
40,410
40,283
40,413
40,172
40,433
40,430
40,432
40,56
40,57
40,176
40,320
40,324
40,197
40,40
41,23
41,328
41,173
41,459
41,400
41,373
41,122
41,375
41,41
41,69
41,574
41,557
42,283
42,42
43,18
43,550
43,364
43,459
43,398
43,116
43,341
43,122
43,183
43,92
43,456
43,69
43,223
43,509
43,44
43,43
44,18
44,29
44,43
44,456
44,398
44,134
44,195
44,44
45,12
45,45
45,51
45,119
45,278
45,473
45,417
46,46
46,110
46,167
46,161
47,15
47,27
47,200
47,463
47,86
47,465
47,90
47,481
47,232
47,493
47,497
47,251
47,380
47,384
47,511
47,389
47,139
47,398
47,590
47,525
47,297
47,411
47,412
47,342
47,543
47,168
47,546
47,172
47,177
47,432
47,558
47,562
47,318
47,571
47,47
47,324
48,48
48,167
49,10
49,24
49,232
49,172
49,173
49,584
49,434
49,340
49,341
49,63
49,529
49,537
49,476
49,482
49,49
50,50
50,114
50,401
50,275
50,314
50,379
50,98
50,321
50,134
50,544
50,514
51,45
51,423
51,108
51,210
51,158
51,315
51,417
51,51
52,417
52,52
53,172
53,141
53,300
53,53
53,558
53,150
53,135
53,186
53,64
53,253
53,98
53,539
53,320
53,350
53,511
53,544
53,514
53,306
54,165
54,526
54,54
55,439
55,55
56,5
56,29
56,40
56,306
56,457
56,208
56,209
56,340
56,341
56,342
56,349
56,350
56,232
56,109
56,487
56,492
56,369
56,495
56,498
56,125
56,384
56,56
56,398
56,503
56,413
56,539
56,168
56,169
56,547
56,424
56,300
56,558
56,562
56,566
56,447
56,70
56,452
57,40
57,335
57,57
57,349
57,115
57,369
57,498
57,499
57,169
57,134
57,141
57,537
57,288
57,544
57,168
57,552
57,547
57,300
57,304
57,557
57,434
57,492
57,64
57,447
57,321
57,494
58,332
58,492
58,494
58,306
58,497
58,436
58,499
58,115
58,58
58,498
58,537
58,447
58,385
58,342
58,512
58,135
58,452
59,226
59,195
59,213
59,59
60,149
60,211
60,277
60,342
60,60
60,380
61,486
61,491
61,146
61,84
61,586
61,501
61,256
61,291
61,230
61,61
62,384
62,185
62,190
62,62
63,49
63,232
63,172
63,173
63,584
63,304
63,369
63,235
63,434
63,140
63,529
63,182
63,563
63,63
63,341
63,537
63,288
63,437
63,340
63,127
64,9
64,53
64,57
64,516
64,550
64,300
64,398
64,434
64,186
64,452
64,64
65,10
65,232
65,533
65,65
66,172
66,518
66,519
66,349
66,305
66,495
66,497
66,498
66,342
66,299
66,95
66,466
66,66
66,352
66,477
66,494
67,31
67,232
67,550
67,90
67,67
68,211
68,340
68,341
68,68
69,4
69,23
69,29
69,34
69,41
69,43
69,456
69,457
69,332
69,459
69,207
69,339
69,343
69,351
69,94
69,350
69,223
69,352
69,353
69,482
69,234
69,584
69,238
69,367
69,418
69,245
69,292
69,375
69,249
69,503
69,256
69,132
69,511
69,512
69,273
69,517
69,398
69,146
69,272
69,529
69,155
69,156
69,534
69,537
69,509
69,540
69,417
69,385
69,547
69,172
69,173
69,176
69,306
69,307
69,182
69,185
69,442
69,550
69,69
69,159
70,56
70,232
70,589
70,590
70,253
70,320
70,70
71,172
71,490
71,340
71,277
71,182
71,341
71,382
71,71
72,27
72,172
72,364
72,398
72,586
72,525
72,536
72,251
72,380
72,358
72,72
72,546
72,520
73,9
73,23
73,327
73,328
73,580
73,584
73,586
73,590
73,340
73,341
73,333
73,122
73,379
73,127
73,400
73,260
73,380
73,398
73,524
73,507
73,459
73,285
73,413
73,173
73,134
73,432
73,443
73,448
73,324
73,73
74,30
74,199
74,139
74,141
74,457
74,300
74,134
74,306
74,135
74,173
74,320
74,545
74,382
74,539
74,79
74,198
74,323
74,544
74,514
74,74
75,455
75,460
75,75
76,76
76,398
77,27
77,77
77,558
77,204
77,586
77,211
77,89
77,355
77,238
77,121
77,247
77,248
77,517
77,398
77,402
77,421
77,179
77,436
77,562
77,564
77,443
77,451
78,78
78,398
79,74
79,111
79,398
79,79
79,300
80,453
80,80
80,555
80,177
80,179
80,332
80,277
80,317
80,351
80,575
80,300
81,172
81,173
81,150
81,140
81,352
81,482
81,81
82,241
82,242
82,243
82,284
82,309
82,82
83,304
83,536
83,83
84,61
84,173
84,488
84,333
84,85
84,380
84,168
84,169
84,84
85,84
85,554
85,85
85,247
85,217
85,413
86,9
86,47
86,328
86,495
86,116
86,369
86,86
86,211
86,340
86,341
86,342
86,343
86,564
86,497
86,89
86,375
86,382
86,420
87,495
87,211
87,340
87,342
87,87
88,9
88,17
88,23
88,172
88,152
88,498
88,220
88,168
88,169
88,88
89,5
89,23
89,39
89,77
89,86
89,327
89,453
89,456
89,457
89,459
89,462
89,211
89,89
89,364
89,492
89,369
89,375
89,441
89,516
89,139
89,398
89,190
89,403
89,255
89,533
89,410
89,283
89,412
89,306
89,432
89,433
89,409
89,314
89,318
89,323
89,197
89,452
90,2
90,47
90,67
90,484
90,427
90,460
90,494
90,244
90,90
90,480
91,5
91,19
91,23
91,24
91,33
91,40
91,199
91,580
91,306
91,331
91,474
91,465
91,340
91,341
91,342
91,91
91,471
91,472
91,220
91,97
91,320
91,479
91,467
91,482
91,483
91,486
91,236
91,368
91,177
91,495
91,500
91,566
91,535
91,380
91,259
91,525
91,261
91,139
91,398
91,147
91,109
91,411
91,413
91,289
91,550
91,198
91,554
91,430
91,556
91,178
91,433
91,309
91,564
91,214
91,431
91,571
91,572
91,573
91,432
91,452
92,22
92,43
92,456
92,457
92,589
92,590
92,151
92,372
92,375
92,261
92,431
92,255
92,92
93,586
93,93
93,300
94,1
94,10
94,23
94,69
94,179
94,542
94,207
94,94
94,99
94,233
94,362
94,369
94,461
94,512
94,136
94,402
94,150
94,164
94,417
94,173
94,558
94,185
94,446
94,575
95,66
95,136
95,507
95,95
96,138
96,185
96,361
96,412
96,96
97,91
97,453
97,253
97,335
97,556
97,432
97,186
97,472
97,411
97,97
97,571
97,572
97,452
98,50
98,53
98,141
98,98
98,130
98,290
98,514
99,94
99,231
99,331
99,427
99,272
99,332
99,99
99,540
99,174
99,323
99,546
100,342
100,495
100,554
100,100
101,10
101,23
101,109
101,146
101,338
101,367
101,566
101,352
101,101
101,417
101,418
102,13
102,200
102,471
102,123
102,441
102,379
102,380
102,507
102,223
102,390
102,102
102,512
102,546
103,19
103,25
103,36
103,264
103,109
103,237
103,139
103,430
103,405
103,505
103,571
103,572
103,573
103,103
104,6
104,295
104,140
104,173
104,125
104,351
104,134
104,104
104,420
105,536
105,105
106,4
106,456
106,555
106,122
106,259
106,197
106,106
107,23
107,107
107,108
107,238
108,10
108,23
108,51
108,107
108,108
108,172
108,133
108,426
108,340
108,412
108,352
108,415
108,386
108,482
109,6
109,10
109,19
109,25
109,28
109,29
109,56
109,91
109,101
109,103
109,433
109,332
109,341
109,476
109,352
109,359
109,232
109,109
109,492
109,501
109,385
109,390
109,139
109,549
109,529
109,158
109,419
109,172
109,430
109,304
109,563
109,566
109,187
109,575
110,46
110,110
110,167
110,204
111,12
111,79
111,111
111,249
111,542
112,6
112,398
112,112
113,375
113,113
114,50
114,139
114,141
114,401
114,114
114,572
114,432
114,182
114,314
114,539
114,441
114,130
114,257
114,290
114,134
114,544
114,385
114,198
115,21
115,57
115,58
115,498
115,499
115,115
116,4
116,33
116,43
116,86
116,456
116,459
116,211
116,340
116,341
116,342
116,343
116,351
116,116
116,117
116,495
116,497
116,122
116,378
116,379
116,386
116,259
116,265
116,398
116,413
116,172
116,175
116,553
116,431
116,432
116,433
116,187
117,116
117,351
117,117
117,554
117,413
118,232
118,172
118,118
118,158
118,352
118,451
119,45
119,119
120,320
120,120
121,77
121,380
121,121
122,39
122,41
122,43
122,73
122,106
122,116
122,199
122,211
122,341
122,342
122,215
122,472
122,351
122,226
122,232
122,364
122,495
122,122
122,379
122,127
122,400
122,386
122,260
122,398
122,590
122,411
122,285
122,413
122,543
122,549
122,550
122,551
122,554
122,556
122,434
122,562
122,187
122,194
122,449
123,102
123,332
123,186
123,340
123,123
123,441
123,471
123,380
123,446
123,324
124,463
124,418
124,489
124,490
124,124
125,36
125,56
125,104
125,359
125,425
125,144
125,177
125,525
125,544
125,563
125,159
125,417
125,355
125,125
126,13
126,524
126,126
126,366
127,10
127,63
127,73
127,122
127,359
127,328
127,140
127,173
127,332
127,584
127,398
127,304
127,369
127,434
127,529
127,232
127,127
127,537
127,385
127,353
127,467
128,172
128,558
128,176
128,369
128,370
128,441
128,446
128,260
128,128
129,232
129,314
129,520
129,413
129,129
130,98
130,114
130,516
130,563
130,394
130,134
130,173
130,182
130,407
130,141
130,349
130,314
130,323
130,130
131,304
131,419
131,537
131,232
131,131
132,8
132,69
132,527
132,529
132,256
132,193
132,132
133,13
133,108
133,460
133,133
134,10
134,11
134,12
134,19
134,25
134,32
134,44
134,50
134,57
134,73
134,74
134,104
134,114
134,130
134,199
134,328
134,330
134,332
134,188
134,586
134,462
134,492
134,465
134,350
134,223
134,182
134,230
134,362
134,367
134,370
134,498
134,499
134,314
134,379
134,252
134,253
134,304
134,385
134,169
134,259
134,139
134,140
134,519
134,401
134,274
134,407
134,409
134,228
134,134
134,544
134,165
134,418
134,257
134,168
134,171
134,173
134,300
134,558
134,176
134,512
134,306
134,308
134,436
134,135
134,564
134,185
134,186
134,514
134,177
134,320
134,198
135,53
135,58
135,74
135,134
135,139
135,207
135,141
135,300
135,462
135,306
135,436
135,314
135,367
135,186
135,442
135,252
135,208
135,135
135,544
135,433
136,94
136,95
136,173
136,146
136,369
136,375
136,136
137,232
137,137
138,96
138,517
138,138
139,19
139,23
139,24
139,25
139,29
139,40
139,47
139,74
139,89
139,91
139,103
139,109
139,114
139,134
139,135
139,433
139,467
139,289
139,237
139,503
139,382
139,255
139,261
139,139
139,141
139,398
139,424
139,282
139,414
139,541
139,545
139,573
139,300
139,430
139,432
139,558
139,436
139,562
139,564
139,571
139,572
139,452
140,1
140,10
140,23
140,29
140,63
140,81
140,104
140,127
140,134
140,537
140,584
140,461
140,211
140,469
140,479
140,356
140,235
140,238
140,501
140,186
140,382
140,379
140,257
140,516
140,140
140,150
140,529
140,158
140,159
140,412
140,207
140,164
140,418
140,364
140,423
140,549
140,173
140,304
140,434
140,435
140,182
140,563
140,315
140,320
140,321
141,30
141,53
141,57
141,74
141,98
141,114
141,130
141,135
141,139
141,199
141,364
141,492
141,257
141,514
141,141
141,163
141,171
141,173
141,300
141,182
141,313
141,186
141,323
142,34
142,431
142,142
143,143
143,176
143,370
143,278
143,446
143,260
144,36
144,125
144,359
144,334
144,586
144,563
144,283
144,385
144,144
145,17
145,19
145,25
145,264
145,145
145,377
145,423
146,23
146,61
146,69
146,101
146,136
146,491
146,146
146,462
146,277
146,367
146,443
146,256
146,226
147,91
147,430
147,432
147,147
148,175
148,432
148,410
148,442
148,566
148,504
148,148
149,60
149,459
149,207
149,467
149,343
149,230
149,232
149,488
149,369
149,497
149,511
149,512
149,520
149,398
149,402
149,169
149,172
149,556
149,558
149,561
149,562
149,186
149,443
149,191
149,323
149,324
149,149
150,1
150,10
150,24
150,29
150,53
150,81
150,94
150,140
150,580
150,584
150,335
150,434
150,459
150,469
150,349
150,352
150,482
150,359
150,232
150,367
150,501
150,379
150,382
150,385
150,398
150,461
150,150
150,172
150,529
150,278
150,283
150,537
150,509
150,164
150,417
150,419
150,423
150,549
150,173
150,304
150,180
150,182
150,563
150,186
150,443
150,322
151,92
151,555
151,504
151,151
151,398
152,88
152,586
152,500
152,293
152,220
152,168
152,169
152,152
153,23
153,456
153,459
153,553
153,398
153,430
153,153
153,207
153,573
153,226
153,432
153,389
154,232
154,267
154,207
154,558
154,154
154,472
154,382
154,319
154,293
155,69
155,456
155,306
155,443
155,155
155,380
155,412
155,223
155,159
156,23
156,69
156,172
156,173
156,333
156,398
156,495
156,390
156,497
156,529
156,342
156,375
156,156
156,158
156,380
156,413
156,182
156,324
156,290
156,159
157,327
157,463
157,465
157,157
157,382
157,230
158,51
158,109
158,118
158,140
158,156
158,328
158,584
158,207
158,340
158,341
158,351
158,482
158,366
158,375
158,314
158,379
158,380
158,382
158,256
158,511
158,512
158,398
158,524
158,172
158,158
158,509
158,418
158,424
158,173
158,557
158,306
158,437
158,185
158,186
158,315
158,324
159,69
159,125
159,140
159,155
159,156
159,200
159,207
159,339
159,340
159,341
159,351
159,482
159,488
159,245
159,375
159,379
159,382
159,509
159,511
159,512
159,390
159,211
159,159
159,256
159,417
159,418
159,292
159,172
159,173
159,555
159,557
159,437
159,185
160,398
160,160
161,13
161,46
161,232
161,558
161,467
161,161
162,562
162,162
163,141
163,516
163,416
163,225
163,300
163,163
164,1
164,10
164,94
164,140
164,150
164,332
164,211
164,342
164,215
164,359
164,232
164,235
164,364
164,240
164,369
164,537
164,423
164,172
164,173
164,558
164,434
164,563
164,322
164,164
165,54
165,134
165,165
165,277
165,398
166,459
166,166
167,46
167,48
167,110
167,167
168,29
168,47
168,56
168,57
168,84
168,88
168,134
168,152
168,328
168,457
168,332
168,207
168,341
168,468
168,482
168,238
168,492
168,369
168,495
168,503
168,208
168,382
168,172
168,340
168,424
168,320
168,288
168,541
168,544
168,168
168,169
168,173
168,512
168,306
168,558
168,562
168,566
168,447
168,451
169,12
169,24
169,29
169,56
169,57
169,84
169,88
169,134
169,149
169,152
169,168
169,457
169,332
169,447
169,207
169,211
169,341
169,343
169,487
169,365
169,494
169,495
169,501
169,503
169,294
169,398
169,590
169,402
169,340
169,314
169,405
169,413
169,541
169,169
169,172
169,173
169,558
169,512
169,306
169,562
169,566
169,320
169,369
169,452
170,516
170,199
170,198
170,177
170,170
171,134
171,141
171,465
171,300
171,554
171,171
172,6
172,10
172,12
172,17
172,23
172,40
172,47
172,49
172,53
172,63
172,66
172,69
172,71
172,72
172,81
172,88
172,108
172,109
172,116
172,118
172,128
172,149
172,150
172,156
172,158
172,159
172,164
172,168
172,169
172,328
172,333
172,339
172,340
172,341
172,342
172,352
172,359
172,360
172,584
172,367
172,369
172,375
172,379
172,381
172,382
172,398
172,402
172,412
172,416
172,418
172,422
172,423
172,434
172,437
172,441
172,447
172,467
172,472
172,476
172,486
172,488
172,492
172,494
172,495
172,511
172,529
172,537
172,545
172,547
172,549
172,554
172,558
172,563
172,564
172,567
172,172
172,173
172,175
172,180
172,182
172,185
172,186
172,211
172,232
172,235
172,238
172,566
172,257
172,278
172,282
172,288
172,300
172,304
172,305
172,319
172,320
172,321
172,323
173,1
173,4
173,10
173,21
173,23
173,25
173,29
173,34
173,39
173,41
173,49
173,63
173,69
173,73
173,74
173,81
173,84
173,94
173,104
173,127
173,130
173,134
173,136
173,140
173,141
173,150
173,156
173,158
173,159
173,164
173,168
173,169
173,172
173,434
173,416
173,457
173,332
173,334
173,461
173,465
173,346
173,349
173,476
173,352
173,482
173,583
173,232
173,235
173,584
173,238
173,367
173,418
173,369
173,292
173,503
173,381
173,379
173,257
173,511
173,380
173,516
173,339
173,398
173,186
173,549
173,529
173,378
173,412
173,509
173,419
173,323
173,548
173,173
173,400
173,285
173,512
173,306
173,180
173,531
173,182
173,537
173,187
173,451
173,304
173,382
174,99
174,201
174,362
174,174
175,4
175,25
175,116
175,148
175,172
175,459
175,398
175,413
175,471
175,443
175,221
175,414
175,175
176,40
176,69
176,128
176,134
176,143
176,558
176,430
176,370
176,446
176,260
176,420
176,176
177,9
177,22
177,23
177,34
177,47
177,80
177,91
177,125
177,134
177,170
177,199
177,201
177,202
177,457
177,459
177,471
177,472
177,352
177,524
177,261
177,519
177,398
177,402
177,285
177,413
177,548
177,550
177,300
177,302
177,555
177,432
177,554
177,568
177,452
177,177
178,91
178,232
178,460
178,178
178,250
178,540
178,352
179,10
179,77
179,80
179,94
179,549
179,179
179,523
179,369
179,526
179,496
179,341
179,319
179,256
179,332
180,6
180,150
180,172
180,173
180,359
180,232
180,332
180,435
180,563
180,418
180,575
180,326
180,180
181,434
181,181
182,10
182,63
182,69
182,71
182,114
182,130
182,134
182,140
182,141
182,150
182,156
182,172
182,173
182,330
182,584
182,340
182,352
182,232
182,367
182,186
182,379
182,382
182,257
182,258
182,514
182,396
182,397
182,529
182,285
182,544
182,434
182,182
182,563
182,323
183,43
183,433
183,432
183,370
183,183
183,252
184,19
184,519
184,430
184,433
184,403
184,286
184,184
185,62
185,69
185,94
185,96
185,134
185,158
185,159
185,172
185,268
185,286
185,398
185,566
185,348
185,185
185,277
185,530
185,352
185,351
185,542
185,324
185,440
186,53
186,64
186,97
186,123
186,134
186,135
186,140
186,141
186,149
186,150
186,158
186,172
186,173
186,182
186,558
186,207
186,208
186,341
186,342
186,232
186,367
186,292
186,377
186,462
186,385
186,262
186,392
186,382
186,537
186,539
186,544
186,300
186,304
186,306
186,434
186,438
186,186
186,196
187,23
187,34
187,109
187,116
187,122
187,173
187,199
187,458
187,302
187,433
187,213
187,472
187,190
187,187
187,432
187,288
188,134
188,223
188,351
188,348
188,524
188,188
189,23
189,316
189,268
189,189
189,452
190,62
190,89
190,187
190,391
190,233
190,364
190,398
190,342
190,190
190,406
190,511
191,149
191,191
192,1
192,192
193,8
193,132
193,516
193,527
193,529
193,256
193,193
194,122
194,555
194,432
194,379
194,357
194,194
195,44
195,59
195,226
195,195
196,186
196,196
197,4
197,9
197,29
197,40
197,89
197,106
197,454
197,202
197,457
197,459
197,206
197,465
197,342
197,558
197,456
197,359
197,232
197,333
197,370
197,507
197,387
197,523
197,590
197,277
197,532
197,288
197,426
197,302
197,555
197,306
197,323
197,197
198,74
198,91
198,114
198,134
198,170
198,199
198,455
198,433
198,323
198,432
198,398
198,314
198,514
198,539
198,198
198,482
199,30
199,74
199,91
199,122
199,134
199,141
199,170
199,177
199,187
199,198
199,199
199,580
199,433
199,459
199,342
199,495
199,514
199,285
199,300
199,306
199,441
199,321
199,323
200,47
200,102
200,159
200,200
200,550
200,364
200,398
200,218
200,467
200,441
200,288
200,390
201,19
201,20
201,174
201,177
201,201
201,237
201,471
201,524
201,571
201,420
202,177
202,197
202,471
202,420
202,237
202,202
203,566
203,520
203,203
204,77
204,110
204,380
204,204
205,256
205,205
206,197
206,232
206,434
206,341
206,528
206,206
207,29
207,69
207,94
207,135
207,140
207,149
207,153
207,154
207,158
207,159
207,168
207,169
207,186
207,456
207,584
207,460
207,207
207,208
207,483
207,232
207,486
207,488
207,535
207,254
207,385
207,512
207,268
207,398
207,412
207,418
207,306
207,558
207,436
207,562
207,569
207,324
208,56
208,135
208,168
208,186
208,207
208,456
208,332
208,584
208,208
208,232
208,488
208,459
208,369
208,254
208,268
208,399
208,382
208,277
208,283
208,536
208,558
208,306
208,562
208,443
209,56
209,362
209,565
209,418
209,209
210,51
210,417
210,210
211,10
211,19
211,29
211,60
211,68
211,77
211,86
211,87
211,89
211,116
211,122
211,140
211,159
211,164
211,169
211,172
211,454
211,331
211,537
211,584
211,447
211,586
211,588
211,340
211,467
211,472
211,220
211,351
211,457
211,499
211,480
211,232
211,226
211,464
211,364
211,492
211,369
211,495
211,498
211,500
211,248
211,582
211,379
211,380
211,382
211,292
211,421
211,390
211,518
211,398
211,211
211,459
211,285
211,413
211,414
211,342
211,544
211,420
211,547
211,553
211,554
211,432
211,314
211,213
211,571
211,341
211,494
211,466
212,524
212,272
212,226
212,246
212,509
212,212
213,59
213,187
213,211
213,393
213,430
213,504
213,213
214,91
214,432
214,214
215,122
215,164
215,524
215,588
215,558
215,340
215,341
215,215
215,246
215,342
215,509
215,226
216,6
216,359
216,232
216,433
216,435
216,563
216,385
216,216
217,85
217,300
217,217
218,200
218,385
218,218
219,23
219,219
219,412
219,238
220,88
220,91
220,152
220,211
220,339
220,540
220,220
221,175
221,386
221,221
222,267
222,451
222,222
223,9
223,13
223,19
223,23
223,29
223,43
223,69
223,102
223,134
223,155
223,188
223,461
223,589
223,590
223,223
223,228
223,364
223,238
223,495
223,389
223,412
223,549
223,434
224,520
224,332
224,251
224,546
224,356
224,358
224,224
225,163
225,225
226,4
226,23
226,59
226,122
226,146
226,153
226,195
226,211
226,212
226,215
226,588
226,340
226,341
226,342
226,226
226,368
226,495
226,497
226,259
226,518
226,543
226,343
226,562
227,521
227,522
227,227
228,23
228,29
228,134
228,223
228,364
228,589
228,590
228,228
229,9
229,590
229,589
229,473
229,566
229,229
230,29
230,61
230,134
230,149
230,157
230,424
230,584
230,501
230,491
230,562
230,417
230,230
231,99
231,231
231,266
231,427
231,272
231,273
231,540
232,7
232,8
232,10
232,29
232,47
232,49
232,56
232,63
232,65
232,67
232,70
232,109
232,118
232,122
232,127
232,129
232,131
232,137
232,149
232,150
232,154
232,161
232,164
232,172
232,173
232,178
232,180
232,182
232,186
232,197
232,206
232,207
232,208
232,211
232,216
232,332
232,341
232,352
232,366
232,369
232,375
232,380
232,390
232,402
232,403
232,416
232,429
232,431
232,432
232,434
232,435
232,437
232,441
232,446
232,461
232,464
232,467
232,468
232,469
232,476
232,479
232,482
232,493
232,495
232,512
232,516
232,529
232,530
232,531
232,532
232,535
232,537
232,541
232,542
232,547
232,548
232,558
232,562
232,563
232,566
232,583
232,584
232,587
232,588
232,232
232,235
232,257
232,260
232,273
232,277
232,278
232,279
232,283
232,301
232,304
232,315
232,320
232,321
233,94
233,190
233,577
233,363
233,233
234,4
234,5
234,35
234,69
234,541
234,386
234,388
234,234
235,63
235,140
235,164
235,172
235,173
235,232
235,516
235,584
235,434
235,563
235,537
235,476
235,235
236,4
236,28
236,91
236,433
236,250
236,413
236,236
237,25
237,103
237,139
237,201
237,202
237,237
237,554
237,430
237,405
237,239
237,505
237,571
237,572
238,23
238,69
238,77
238,107
238,140
238,168
238,172
238,173
238,219
238,223
238,238
238,351
238,412
239,7
239,237
239,239
239,331
239,405
240,164
240,555
240,423
240,584
240,240
241,82
241,242
241,243
241,284
241,309
241,241
242,82
242,241
242,243
242,284
242,309
242,242
243,24
243,82
243,241
243,242
243,300
243,309
243,284
243,243
244,90
244,244
245,33
245,69
245,159
245,333
245,430
245,245
245,324
246,4
246,22
246,212
246,215
246,554
246,340
246,341
246,246
247,9
247,22
247,34
247,77
247,85
247,433
247,372
247,341
247,379
247,285
247,413
247,472
247,543
247,324
247,247
248,9
248,22
248,33
248,77
248,211
248,579
248,543
248,285
248,324
248,248
249,69
249,111
249,517
249,433
249,463
249,464
249,375
249,357
249,249
250,178
250,236
250,320
250,467
250,250
251,27
251,47
251,72
251,224
251,520
251,398
251,399
251,356
251,586
251,251
251,277
251,412
251,413
251,379
251,358
251,357
251,546
252,23
252,134
252,135
252,183
252,285
252,459
252,338
252,351
252,372
252,373
252,500
252,261
252,525
252,528
252,277
252,412
252,541
252,424
252,299
252,431
252,562
252,448
252,324
252,252
253,11
253,27
253,53
253,70
253,97
253,134
253,263
253,350
253,253
253,300
253,398
253,368
253,306
253,375
253,462
253,420
253,524
253,326
254,29
254,36
254,207
254,208
254,516
254,375
254,433
254,286
254,254
254,527
255,4
255,89
255,92
255,139
255,267
255,459
255,302
255,558
255,283
255,255
255,353
255,324
256,8
256,61
256,69
256,132
256,146
256,158
256,159
256,179
256,193
256,205
256,271
256,491
256,527
256,340
256,529
256,341
256,256
257,114
257,134
257,140
257,141
257,172
257,173
257,182
257,232
257,359
257,584
257,434
257,563
257,532
257,537
257,257
257,531
257,575
257,514
257,326
258,182
258,258
258,434
259,5
259,34
259,39
259,91
259,106
259,116
259,134
259,226
259,590
259,472
259,259
259,285
259,413
259,543
259,554
259,430
259,431
259,432
259,565
259,566
259,368
259,573
259,449
260,18
260,73
260,122
260,128
260,143
260,176
260,232
260,359
260,456
260,459
260,398
260,370
260,492
260,446
260,260
261,23
261,91
261,92
261,139
261,177
261,252
261,432
261,430
261,590
261,472
261,445
261,573
261,324
261,389
261,261
262,186
262,262
263,253
263,455
263,263
264,19
264,20
264,25
264,103
264,145
264,264
265,11
265,23
265,116
265,456
265,459
265,553
265,398
265,554
265,380
265,452
265,514
265,265
266,231
266,383
266,266
267,154
267,222
267,255
267,503
267,267
268,12
268,185
268,189
268,207
268,208
268,517
268,268
268,307
268,467
268,567
269,417
269,269
270,433
270,270
271,256
271,271
272,69
272,99
272,212
272,231
272,484
272,549
272,584
272,566
272,272
273,69
273,231
273,232
273,540
273,273
274,24
274,134
274,524
274,274
274,298
275,50
275,516
275,439
275,275
276,486
276,364
276,276
277,2
277,60
277,71
277,80
277,146
277,165
277,185
277,197
277,208
277,232
277,251
277,252
277,328
277,456
277,459
277,367
277,370
277,501
277,512
277,524
277,546
277,306
277,307
277,317
277,277
278,19
278,23
278,45
278,143
278,150
278,172
278,232
278,423
278,434
278,278
278,584
278,537
278,417
279,232
279,279
279,281
279,460
280,280
280,402
280,488
281,279
281,460
281,281
282,139
282,172
282,563
282,433
282,485
282,282
283,23
283,29
283,40
283,42
283,89
283,144
283,150
283,208
283,232
283,255
283,453
283,456
283,334
283,369
283,503
283,380
283,387
283,391
283,398
283,402
283,283
283,412
283,558
283,307
283,566
283,569
283,448
283,452
284,82
284,241
284,242
284,243
284,309
284,284
285,4
285,21
285,34
285,39
285,73
285,122
285,173
285,177
285,182
285,199
285,211
285,247
285,248
285,252
285,259
285,456
285,457
285,333
285,464
285,465
285,347
285,500
285,459
285,431
285,368
285,472
285,379
285,393
285,398
285,382
285,399
285,285
285,413
285,287
285,297
285,553
285,524
285,434
285,556
285,571
285,324
286,184
286,185
286,254
286,412
286,286
286,416
286,510
287,3
287,285
287,297
287,398
287,431
287,340
287,368
287,287
287,324
288,23
288,57
288,63
288,168
288,172
288,187
288,197
288,200
288,480
288,364
288,367
288,375
288,506
288,385
288,390
288,519
288,288
288,548
288,302
288,556
288,306
288,437
288,314
288,443
288,447
288,575
288,326
289,91
289,139
289,430
289,411
289,398
289,289
290,98
290,114
290,156
290,407
290,394
290,290
291,61
291,491
291,291
292,10
292,69
292,159
292,173
292,186
292,211
292,590
292,340
292,341
292,533
292,292
293,152
293,154
293,398
293,481
293,382
293,293
294,169
294,294
294,488
295,104
295,375
295,540
295,427
295,295
296,417
296,473
296,296
297,22
297,39
297,47
297,285
297,287
297,328
297,318
297,434
297,297
297,373
297,500
297,472
297,431
298,274
298,298
299,66
299,252
299,528
299,340
299,380
299,448
299,573
299,299
300,11
300,23
300,29
300,53
300,56
300,57
300,64
300,74
300,79
300,80
300,93
300,134
300,135
300,139
300,141
300,163
300,171
300,172
300,177
300,186
300,199
300,217
300,243
300,253
300,306
300,335
300,462
300,555
300,308
300,344
300,395
300,355
300,332
300,369
300,495
300,503
300,504
300,380
300,384
300,531
300,519
300,548
300,409
300,413
300,539
300,342
300,544
300,547
300,300
300,558
300,436
300,442
300,514
300,323
301,232
301,301
302,23
302,177
302,187
302,197
302,255
302,288
302,495
302,458
302,555
302,433
302,342
302,432
302,302
303,589
303,590
303,303
304,1
304,57
304,63
304,83
304,109
304,127
304,131
304,134
304,140
304,150
304,172
304,173
304,186
304,232
304,457
304,584
304,434
304,465
304,340
304,341
304,352
304,482
304,366
304,371
304,381
304,382
304,524
304,529
304,378
304,537
304,509
304,548
304,304
304,379
304,563
304,321
305,66
305,172
305,518
305,519
305,349
305,305
305,495
305,466
305,342
305,498
305,413
305,352
305,494
305,544
306,9
306,19
306,23
306,39
306,40
306,53
306,56
306,58
306,69
306,74
306,89
306,91
306,134
306,135
306,155
306,158
306,168
306,169
306,173
306,186
306,197
306,199
306,207
306,208
306,253
306,277
306,288
306,300
306,454
306,306
306,457
306,459
306,460
306,465
306,456
306,431
306,375
306,314
306,380
306,462
306,519
306,398
306,410
306,537
306,544
306,426
306,432
306,436
306,451
306,550
307,69
307,268
307,277
307,283
307,340
307,341
307,307
308,36
308,134
308,300
308,359
308,370
308,526
308,341
308,563
308,564
308,319
308,512
308,544
308,389
308,308
309,82
309,91
309,241
309,242
309,243
309,284
309,309
310,423
310,417
310,315
310,310
311,23
311,451
311,311
312,20
312,385
312,312
313,141
313,548
313,459
313,456
313,379
313,382
313,577
313,313
314,30
314,50
314,89
314,114
314,129
314,130
314,134
314,135
314,158
314,169
314,198
314,211
314,288
314,306
314,462
314,342
314,375
314,379
314,380
314,382
314,511
314,516
314,402
314,401
314,407
314,410
314,539
314,544
314,436
314,314
314,442
315,10
315,51
315,140
315,158
315,232
315,310
315,584
315,353
315,417
315,315
316,189
316,520
316,316
317,80
317,277
317,438
317,317
317,504
318,9
318,34
318,47
318,89
318,297
318,463
318,539
318,318
319,19
319,25
319,154
319,172
319,179
319,308
319,430
319,382
319,319
319,482
320,18
320,19
320,40
320,53
320,70
320,74
320,91
320,120
320,134
320,140
320,168
320,169
320,172
320,232
320,250
320,327
320,447
320,571
320,590
320,342
320,488
320,572
320,504
320,545
320,398
320,503
320,413
320,415
320,544
320,550
320,432
320,566
320,320
321,50
321,57
321,140
321,172
321,199
321,232
321,304
321,459
321,398
321,586
321,563
321,434
321,537
321,524
321,352
321,321
321,482
322,150
322,164
322,332
322,322
323,30
323,74
323,89
323,99
323,130
323,141
323,149
323,172
323,173
323,182
323,197
323,198
323,199
323,300
323,456
323,457
323,459
323,335
323,369
323,514
323,558
323,563
323,323
324,2
324,29
324,40
324,47
324,73
324,123
324,149
324,156
324,158
324,185
324,207
324,245
324,247
324,248
324,252
324,255
324,261
324,285
324,287
324,456
324,457
324,333
324,467
324,501
324,369
324,402
324,398
324,544
324,421
324,553
324,555
324,431
324,432
324,558
324,564
324,571
324,500
324,324
325,364
325,325
326,10
326,180
326,253
326,257
326,288
326,518
326,519
326,385
326,326
327,9
327,24
327,73
327,89
327,157
327,320
327,327
327,548
327,457
327,459
327,524
328,12
328,41
328,73
328,86
328,127
328,134
328,158
328,168
328,172
328,277
328,297
328,328
328,425
328,364
328,400
328,375
328,524
329,586
329,329
329,529
330,134
330,182
330,544
330,330
331,19
331,23
331,25
331,91
331,99
331,211
331,239
331,456
331,554
331,472
331,412
331,432
331,331
332,6
332,19
332,25
332,29
332,58
332,69
332,80
332,99
332,109
332,123
332,127
332,134
332,164
332,168
332,169
332,173
332,179
332,180
332,208
332,224
332,232
332,300
332,322
332,434
332,589
332,590
332,435
332,346
332,332
332,364
332,495
332,385
332,518
332,519
332,398
332,342
332,441
332,567
333,21
333,23
333,73
333,84
333,156
333,172
333,197
333,245
333,285
333,324
333,369
333,333
333,544
333,500
333,555
333,472
333,431
334,144
334,173
334,283
334,361
334,519
334,334
334,524
334,518
334,357
335,23
335,57
335,97
335,150
335,300
335,323
335,556
335,398
335,382
335,438
335,411
335,524
335,335
336,385
336,336
337,400
337,337
337,550
337,441
337,398
338,101
338,252
338,424
338,398
338,528
338,562
338,451
338,380
338,338
339,69
339,159
339,172
339,173
339,220
339,339
340,9
340,10
340,22
340,35
340,49
340,56
340,63
340,68
340,71
340,73
340,86
340,87
340,91
340,108
340,116
340,123
340,158
340,159
340,168
340,169
340,172
340,182
340,211
340,215
340,226
340,246
340,256
340,287
340,292
340,299
340,304
340,307
340,433
340,537
340,340
340,341
340,342
340,472
340,348
340,351
340,482
340,492
340,494
340,398
340,498
340,379
340,382
340,386
340,465
340,548
340,399
340,402
340,410
340,413
340,543
340,499
340,554
340,555
340,563
340,568
340,447
340,575
341,10
341,22
341,34
341,39
341,43
341,49
341,56
341,63
341,68
341,71
341,73
341,86
341,91
341,109
341,116
341,122
341,158
341,159
341,168
341,169
341,172
341,179
341,186
341,206
341,211
341,215
341,226
341,232
341,246
341,247
341,256
341,292
341,304
341,307
341,308
341,340
341,580
341,582
341,584
341,466
341,342
341,476
341,472
341,348
341,351
341,482
341,459
341,492
341,494
341,398
341,498
341,379
341,381
341,386
341,465
341,518
341,590
341,423
341,523
341,548
341,549
341,413
341,547
341,433
341,499
341,554
341,555
341,432
341,430
341,447
341,341
341,575
342,10
342,23
342,34
342,47
342,56
342,58
342,60
342,66
342,86
342,87
342,91
342,100
342,116
342,122
342,156
342,164
342,172
342,186
342,190
342,197
342,199
342,211
342,215
342,226
342,300
342,302
342,305
342,314
342,320
342,332
342,340
342,341
342,454
342,582
342,584
342,588
342,342
342,539
342,349
342,351
342,466
342,364
342,492
342,398
342,495
342,498
342,379
342,390
342,516
342,413
342,464
342,548
342,405
342,447
342,414
342,544
342,547
342,434
342,554
342,367
342,432
343,69
343,86
343,116
343,149
343,169
343,226
343,343
343,553
343,398
343,369
343,533
343,554
343,500
343,558
343,472
343,412
343,493
344,300
344,344
345,383
345,345
346,173
346,332
346,355
346,346
347,285
347,431
347,347
348,23
348,185
348,188
348,340
348,341
348,398
348,585
348,435
348,348
349,56
349,57
349,66
349,130
349,150
349,173
349,305
349,342
349,519
349,349
349,555
349,495
349,492
349,498
349,382
349,447
349,494
349,364
350,53
350,56
350,69
350,134
350,253
350,370
350,442
350,472
350,350
350,544
351,12
351,23
351,27
351,39
351,69
351,80
351,104
351,116
351,117
351,122
351,158
351,159
351,185
351,188
351,211
351,238
351,252
351,340
351,341
351,342
351,586
351,472
351,351
351,467
351,495
351,497
351,375
351,511
351,513
351,520
351,402
351,380
351,413
351,414
351,417
351,418
351,547
351,554
351,432
351,433
352,23
352,25
352,66
352,69
352,81
352,101
352,108
352,109
352,118
352,150
352,172
352,173
352,177
352,178
352,182
352,185
352,232
352,304
352,305
352,321
352,537
352,352
352,359
352,584
352,366
352,379
352,382
352,529
352,412
352,418
352,434
352,439
353,14
353,69
353,127
353,255
353,315
353,486
353,538
353,353
354,566
354,354
355,77
355,125
355,300
355,346
355,549
355,533
355,355
356,140
356,224
356,251
356,550
356,520
356,358
356,479
356,546
356,356
357,194
357,249
357,251
357,334
357,517
357,464
357,398
357,558
357,590
357,451
357,357
358,72
358,224
358,251
358,356
358,520
358,586
358,369
358,358
359,6
359,109
359,125
359,127
359,144
359,150
359,164
359,172
359,180
359,197
359,216
359,257
359,260
359,308
359,352
359,583
359,435
359,359
359,531
359,408
359,563
359,451
359,452
360,172
360,364
360,360
361,96
361,334
361,361
362,94
362,134
362,174
362,209
362,362
362,398
362,524
362,380
362,363
362,421
363,10
363,40
363,233
363,362
363,455
363,404
363,375
363,378
363,444
363,382
363,385
363,363
364,4
364,10
364,23
364,24
364,43
364,72
364,89
364,122
364,140
364,141
364,164
364,190
364,200
364,211
364,223
364,228
364,276
364,288
364,325
364,328
364,332
364,342
364,349
364,360
364,517
364,364
364,369
364,495
364,500
364,385
364,520
364,382
364,467
364,375
365,169
365,365
366,126
366,158
366,232
366,304
366,352
366,584
366,492
366,366
366,434
366,379
366,537
367,12
367,23
367,24
367,69
367,101
367,134
367,135
367,146
367,150
367,172
367,173
367,182
367,186
367,277
367,288
367,342
367,367
367,524
367,549
367,533
367,539
367,418
367,434
368,23
368,91
368,226
368,253
368,259
368,285
368,287
368,413
368,431
368,543
368,433
368,411
368,368
368,448
368,432
369,6
369,12
369,20
369,28
369,40
369,56
369,57
369,63
369,86
369,89
369,94
369,127
369,128
369,136
369,149
369,164
369,168
369,169
369,172
369,173
369,179
369,208
369,211
369,232
369,283
369,300
369,323
369,324
369,333
369,343
369,358
369,364
369,478
369,402
369,492
369,369
369,398
369,375
369,391
369,518
369,409
369,544
369,548
369,390
370,128
370,134
370,143
370,176
370,183
370,197
370,260
370,277
370,308
370,350
370,558
370,457
370,413
370,370
370,446
370,520
371,304
371,379
371,381
371,382
371,371
372,18
372,92
372,247
372,252
372,468
372,433
372,372
373,33
373,41
373,252
373,297
373,554
373,530
373,373
374,385
374,374
375,12
375,41
375,69
375,86
375,89
375,92
375,113
375,136
375,156
375,158
375,159
375,172
375,232
375,249
375,253
375,254
375,288
375,295
375,306
375,314
375,328
375,351
375,363
375,364
375,369
375,558
375,457
375,375
375,379
375,380
375,511
375,398
375,507
375,410
375,544
376,492
376,447
376,498
376,554
376,376
377,20
377,145
377,186
377,385
377,377
378,116
378,173
378,304
378,363
378,456
378,459
378,398
378,413
378,378
378,379
378,512
379,21
379,39
379,50
379,73
379,102
379,116
379,122
379,134
379,140
379,150
379,158
379,159
379,172
379,173
379,182
379,194
379,211
379,247
379,251
379,285
379,304
379,313
379,314
379,340
379,341
379,342
379,352
379,366
379,371
379,375
379,378
379,580
379,456
379,537
379,459
379,469
379,472
379,458
379,379
379,380
379,381
379,382
379,509
379,385
379,465
379,532
379,413
379,418
379,544
379,430
379,434
380,11
380,23
380,47
380,60
380,72
380,73
380,84
380,91
380,102
380,121
380,123
380,155
380,156
380,158
380,173
380,204
380,211
380,232
380,265
380,283
380,299
380,300
380,306
380,314
380,338
380,351
380,362
380,375
380,379
380,433
380,584
380,467
380,456
380,495
380,441
380,380
380,462
380,581
380,554
380,515
380,519
380,571
380,398
380,524
380,382
380,424
380,529
380,412
380,413
380,544
380,547
380,548
380,553
380,558
380,559
380,562
380,573
381,34
381,172
381,173
381,304
381,341
381,371
381,379
381,381
381,584
381,537
381,382
381,482
382,29
382,71
382,74
382,86
382,139
382,140
382,150
382,154
382,157
382,158
382,159
382,168
382,172
382,173
382,182
382,186
382,208
382,211
382,285
382,293
382,304
382,313
382,314
382,319
382,335
382,340
382,349
382,352
382,363
382,364
382,371
382,379
382,380
382,381
382,457
382,537
382,459
382,469
382,472
382,382
382,385
382,386
382,465
382,577
382,566
382,413
382,539
382,554
382,442
383,266
383,345
383,483
383,383
384,47
384,56
384,62
384,300
384,519
384,447
384,384
385,6
385,29
385,58
385,69
385,109
385,114
385,127
385,134
385,144
385,150
385,186
385,207
385,216
385,218
385,288
385,312
385,326
385,332
385,336
385,363
385,364
385,374
385,377
385,379
385,382
385,435
385,540
385,560
385,503
385,385
385,518
385,519
385,529
385,421
385,422
385,434
385,563
385,567
386,25
386,108
386,116
386,122
386,221
386,234
386,340
386,341
386,382
386,459
386,423
386,398
386,522
386,576
386,386
387,23
387,197
387,283
387,412
387,387
388,5
388,234
388,430
388,433
388,388
389,23
389,47
389,153
389,223
389,261
389,308
389,458
389,529
389,472
389,412
389,571
389,389
390,102
390,109
390,156
390,159
390,200
390,211
390,232
390,288
390,342
390,369
390,493
390,390
391,190
391,283
391,369
391,391
391,422
391,556
391,408
392,186
392,578
392,392
393,29
393,213
393,285
393,393
393,479
393,544
394,130
394,290
394,467
394,394
395,20
395,300
395,433
395,395
396,182
396,396
396,397
397,182
397,396
397,397
398,5
398,22
398,26
398,28
398,29
398,31
398,38
398,43
398,44
398,47
398,56
398,64
398,69
398,72
398,73
398,76
398,77
398,78
398,79
398,89
398,91
398,112
398,116
398,122
398,127
398,139
398,149
398,150
398,151
398,153
398,156
398,158
398,160
398,165
398,169
398,172
398,173
398,175
398,177
398,185
398,190
398,198
398,200
398,207
398,211
398,251
398,253
398,260
398,265
398,283
398,285
398,287
398,289
398,293
398,306
398,320
398,321
398,324
398,332
398,335
398,337
398,338
398,340
398,341
398,342
398,343
398,348
398,357
398,362
398,369
398,375
398,378
398,380
398,386
398,398
398,399
398,424
398,430
398,431
398,432
398,443
398,452
398,455
398,457
398,458
398,459
398,465
398,468
398,472
398,475
398,479
398,487
398,495
398,497
398,503
398,507
398,512
398,513
398,516
398,525
398,536
398,541
398,549
398,550
398,555
398,556
398,562
398,570
398,586
398,546
398,524
398,558
398,571
399,34
399,208
399,251
399,285
399,340
399,398
399,399
399,590
399,562
399,472
400,41
400,73
400,122
400,173
400,328
400,337
400,400
400,472
400,448
400,401
401,50
401,114
401,134
401,314
401,400
401,401
402,12
402,77
402,94
402,149
402,169
402,172
402,177
402,232
402,280
402,283
402,314
402,324
402,340
402,351
402,369
402,561
402,556
402,402
403,89
403,184
403,232
403,520
403,403
404,363
404,454
404,412
404,404
405,19
405,103
405,169
405,237
405,239
405,342
405,405
405,571
405,572
406,190
406,586
406,494
406,544
406,406
407,130
407,134
407,290
407,314
407,407
408,359
408,391
408,408
409,89
409,134
409,300
409,369
409,443
409,451
409,409
410,40
410,89
410,148
410,306
410,314
410,340
410,375
410,479
410,410
410,436
410,566
410,544
411,19
411,47
411,91
411,97
411,122
411,289
411,335
411,368
411,468
411,433
411,432
411,589
411,430
411,472
411,411
411,431
411,452
411,544
411,556
412,1
412,23
412,29
412,47
412,89
412,96
412,108
412,140
412,155
412,172
412,173
412,207
412,219
412,223
412,238
412,251
412,252
412,283
412,286
412,331
412,343
412,352
412,380
412,387
412,389
412,404
412,443
412,452
412,412
413,9
413,12
413,29
413,40
413,56
413,73
413,85
413,91
413,116
413,117
413,122
413,129
413,156
413,169
413,175
413,177
413,211
413,236
413,247
413,251
413,259
413,285
413,300
413,305
413,320
413,340
413,341
413,342
413,351
413,368
413,370
413,378
413,379
413,380
413,382
413,459
413,447
413,495
413,472
413,500
413,431
413,498
413,413
413,468
413,549
413,433
413,553
413,554
413,555
413,448
413,574
413,432
413,556
414,139
414,175
414,211
414,342
414,351
414,433
414,554
414,555
414,432
414,495
414,414
414,507
415,37
415,108
415,320
415,415
416,29
416,163
416,172
416,173
416,232
416,286
416,433
416,416
417,1
417,10
417,29
417,45
417,51
417,52
417,69
417,94
417,101
417,125
417,150
417,159
417,210
417,230
417,269
417,278
417,296
417,310
417,315
417,351
417,461
417,467
417,473
417,521
417,500
417,423
417,522
417,417
417,418
417,419
417,420
417,421
418,19
418,25
418,29
418,69
418,101
418,124
418,134
418,140
418,158
418,159
418,172
418,173
418,180
418,207
418,209
418,351
418,352
418,367
418,379
418,417
418,524
418,418
419,109
419,131
419,150
419,173
419,417
419,423
419,473
419,419
420,86
420,104
420,176
420,201
420,202
420,211
420,253
420,417
420,564
420,471
420,420
420,421
421,77
421,211
421,324
421,362
421,385
421,417
421,420
421,564
421,471
421,443
421,449
421,421
422,172
422,385
422,391
422,458
422,553
422,524
422,422
423,10
423,12
423,20
423,51
423,140
423,145
423,150
423,164
423,172
423,240
423,278
423,310
423,341
423,386
423,417
423,419
423,473
423,423
424,56
424,139
424,158
424,168
424,230
424,252
424,338
424,380
424,398
424,524
424,528
424,476
424,443
424,562
424,541
424,424
425,125
425,328
425,475
425,441
425,425
426,108
426,197
426,306
426,456
426,457
426,459
426,465
426,426
427,90
427,99
427,231
427,295
427,524
427,540
427,427
428,556
428,428
429,232
429,494
429,544
429,499
429,429
430,5
430,19
430,36
430,40
430,91
430,103
430,109
430,139
430,147
430,153
430,176
430,184
430,213
430,237
430,245
430,259
430,261
430,289
430,319
430,341
430,379
430,388
430,398
430,411
430,430
430,589
430,541
430,556
430,432
430,433
430,566
430,572
430,573
431,21
431,34
431,35
431,91
431,92
431,116
431,142
431,232
431,252
431,259
431,285
431,287
431,297
431,306
431,324
431,333
431,347
431,368
431,398
431,411
431,413
431,456
431,457
431,556
431,433
431,555
431,431
431,432
431,472
432,5
432,19
432,23
432,25
432,29
432,40
432,47
432,73
432,89
432,91
432,97
432,114
432,116
432,139
432,147
432,148
432,153
432,177
432,183
432,187
432,194
432,198
432,211
432,214
432,232
432,259
432,261
432,302
432,306
432,320
432,324
432,331
432,341
432,342
432,351
432,368
432,398
432,411
432,413
432,414
432,430
432,431
432,453
432,580
432,433
432,474
432,459
432,571
432,472
432,479
432,530
432,495
432,442
432,452
432,570
432,544
432,550
432,556
432,432
432,590
432,554
432,564
432,573
432,566
432,448
433,19
433,23
433,25
433,31
433,40
433,89
433,91
433,109
433,116
433,135
433,139
433,183
433,184
433,187
433,198
433,199
433,216
433,236
433,247
433,249
433,254
433,270
433,282
433,302
433,340
433,341
433,351
433,368
433,372
433,380
433,388
433,395
433,411
433,413
433,414
433,416
433,430
433,431
433,432
433,456
433,458
433,459
433,497
433,474
433,500
433,556
433,433
433,554
433,566
433,571
433,572
433,573
434,10
434,19
434,23
434,25
434,29
434,49
434,57
434,63
434,64
434,122
434,127
434,140
434,150
434,164
434,172
434,173
434,181
434,182
434,186
434,206
434,223
434,232
434,235
434,257
434,258
434,278
434,285
434,297
434,304
434,321
434,332
434,342
434,352
434,366
434,367
434,379
434,385
434,457
434,584
434,461
434,434
434,588
434,590
434,437
434,482
434,583
434,516
434,529
434,566
434,562
434,491
434,537
434,439
434,443
434,563
435,6
435,140
435,180
435,216
435,232
435,332
435,348
435,359
435,385
435,435
436,19
436,23
436,25
436,58
436,77
436,134
436,135
436,139
436,207
436,300
436,306
436,314
436,410
436,436
436,544
436,566
436,514
437,25
437,27
437,63
437,158
437,159
437,172
437,232
437,288
437,434
437,504
437,437
437,446
437,443
438,186
438,317
438,335
438,438
439,14
439,55
439,275
439,352
439,434
439,498
439,439
440,185
440,440
441,89
441,102
441,114
441,123
441,128
441,172
441,199
441,200
441,232
441,332
441,337
441,380
441,425
441,584
441,556
441,484
441,441
441,471
441,524
441,443
441,546
442,11
442,21
442,69
442,135
442,148
442,300
442,314
442,350
442,382
442,432
442,442
443,9
443,10
443,23
443,24
443,28
443,73
443,77
443,146
443,149
443,150
443,155
443,175
443,208
443,288
443,398
443,409
443,412
443,421
443,424
443,434
443,437
443,441
443,467
443,475
443,488
443,499
443,545
443,512
443,558
443,533
443,443
444,15
444,363
444,586
444,463
444,444
445,261
445,445
446,94
446,123
446,128
446,143
446,176
446,232
446,260
446,370
446,437
446,446
447,29
447,56
447,57
447,58
447,168
447,169
447,172
447,211
447,288
447,320
447,340
447,341
447,342
447,349
447,376
447,384
447,413
447,454
447,582
447,447
447,472
447,492
447,495
447,498
447,499
447,518
447,519
447,544
448,22
448,23
448,73
448,252
448,283
448,299
448,368
448,400
448,413
448,432
448,524
448,448
449,34
449,39
449,122
449,259
449,421
449,548
449,549
449,551
449,497
449,449
450,516
450,492
450,450
451,6
451,77
451,118
451,168
451,173
451,222
451,306
451,311
451,338
451,357
451,359
451,409
451,464
451,517
451,562
451,451
452,5
452,19
452,23
452,56
452,58
452,64
452,89
452,91
452,97
452,139
452,169
452,177
452,189
452,265
452,283
452,359
452,398
452,411
452,412
452,432
452,453
452,472
452,486
452,503
452,504
452,564
452,556
452,571
452,452
453,23
453,80
453,89
453,97
453,283
453,432
453,452
453,571
453,453
454,19
454,197
454,211
454,306
454,342
454,404
454,447
454,454
454,456
454,457
454,459
454,494
455,23
455,27
455,40
455,75
455,198
455,263
455,363
455,398
455,455
455,548
456,4
456,15
456,23
456,43
456,44
456,69
456,89
456,92
456,106
456,116
456,153
456,155
456,197
456,207
456,208
456,260
456,265
456,277
456,283
456,285
456,306
456,313
456,323
456,324
456,331
456,378
456,379
456,380
456,426
456,431
456,433
456,454
456,459
456,465
456,456
456,472
456,457
456,590
456,544
456,558
456,554
456,493
456,577
457,11
457,56
457,69
457,74
457,89
457,92
457,168
457,169
457,173
457,177
457,197
457,211
457,285
457,304
457,306
457,323
457,324
457,327
457,370
457,375
457,382
457,398
457,426
457,431
457,434
457,454
457,456
457,457
457,459
457,462
457,482
457,511
457,465
457,544
457,558
458,5
458,23
458,187
458,302
458,379
458,389
458,398
458,422
458,433
458,458
458,556
458,581
458,544
459,4
459,9
459,21
459,29
459,39
459,40
459,41
459,43
459,69
459,73
459,89
459,116
459,149
459,150
459,153
459,166
459,175
459,177
459,197
459,199
459,208
459,211
459,252
459,255
459,260
459,265
459,277
459,285
459,306
459,313
459,321
459,323
459,327
459,341
459,378
459,379
459,382
459,386
459,398
459,413
459,426
459,432
459,433
459,454
459,456
459,457
459,459
459,586
459,472
459,499
459,554
459,590
459,507
459,465
459,544
459,511
459,558
459,562
459,577
460,40
460,75
460,90
460,133
460,178
460,207
460,279
460,281
460,306
460,460
460,586
461,94
461,140
461,150
461,173
461,223
461,232
461,417
461,434
461,584
461,461
461,563
462,11
462,40
462,89
462,134
462,135
462,146
462,186
462,253
462,300
462,306
462,314
462,380
462,457
462,544
462,495
462,462
462,586
462,498
463,15
463,27
463,29
463,47
463,124
463,157
463,249
463,318
463,444
463,547
463,586
463,510
463,463
464,211
464,232
464,249
464,285
464,342
464,357
464,451
464,517
464,464
465,4
465,47
465,91
465,134
465,157
465,171
465,173
465,197
465,285
465,304
465,306
465,340
465,341
465,379
465,382
465,398
465,426
465,456
465,457
465,459
465,465
466,66
466,211
466,305
466,341
466,342
466,495
466,466
467,91
467,127
467,139
467,149
467,161
467,172
467,200
467,211
467,232
467,250
467,268
467,324
467,351
467,364
467,380
467,394
467,417
467,443
467,467
467,470
467,488
467,511
467,512
467,528
467,541
467,556
467,558
467,562
468,168
468,232
468,372
468,398
468,411
468,413
468,518
468,550
468,539
468,468
469,23
469,140
469,150
469,232
469,379
469,382
469,584
469,521
469,522
469,538
469,529
469,563
469,469
469,537
470,467
470,470
470,473
471,31
471,40
471,91
471,102
471,123
471,175
471,177
471,201
471,202
471,420
471,421
471,441
471,471
472,4
472,5
472,19
472,23
472,25
472,34
472,91
472,97
472,122
472,154
472,172
472,177
472,187
472,211
472,247
472,259
472,261
472,285
472,297
472,331
472,333
472,340
472,341
472,343
472,350
472,351
472,379
472,382
472,389
472,398
472,399
472,400
472,411
472,413
472,431
472,432
472,447
472,452
472,456
472,459
472,472
472,556
472,525
472,529
472,550
472,554
472,555
472,574
473,12
473,20
473,45
473,229
473,296
473,417
473,419
473,423
473,470
473,489
473,522
473,473
474,91
474,432
474,433
474,474
475,398
475,425
475,443
475,475
476,49
476,109
476,172
476,173
476,232
476,235
476,341
476,424
476,563
476,537
476,531
476,482
476,476
477,66
477,477
478,369
478,478
479,29
479,91
479,140
479,232
479,356
479,393
479,398
479,410
479,432
479,586
479,479
480,90
480,211
480,288
480,480
481,47
481,293
481,562
481,481
482,49
482,69
482,81
482,91
482,108
482,150
482,158
482,159
482,168
482,173
482,198
482,232
482,304
482,319
482,321
482,340
482,341
482,381
482,434
482,457
482,476
482,482
482,584
482,516
482,529
482,537
482,566
483,9
483,29
483,91
483,207
483,383
483,566
483,483
484,90
484,272
484,441
484,484
485,282
485,517
485,485
486,29
486,61
486,91
486,172
486,207
486,276
486,353
486,452
486,501
486,491
486,486
487,56
487,169
487,398
487,550
487,487
488,84
488,149
488,159
488,172
488,207
488,208
488,280
488,294
488,320
488,443
488,467
488,511
488,488
488,501
488,562
488,502
488,512
489,124
489,473
489,516
489,489
489,538
490,71
490,124
490,578
490,529
490,490
491,16
491,61
491,146
491,230
491,256
491,291
491,434
491,486
491,501
491,491
492,56
492,57
492,58
492,89
492,109
492,134
492,141
492,168
492,172
492,211
492,260
492,340
492,341
492,342
492,349
492,366
492,369
492,376
492,447
492,450
492,492
492,495
492,498
492,499
492,516
492,519
492,494
492,549
492,537
492,543
492,544
493,23
493,47
493,232
493,343
493,390
493,456
493,493
494,57
494,58
494,66
494,90
494,169
494,172
494,211
494,305
494,340
494,341
494,349
494,406
494,429
494,454
494,492
494,519
494,495
494,494
494,571
494,499
495,23
495,31
495,56
495,66
495,86
495,87
495,91
495,100
495,116
495,122
495,156
495,168
495,169
495,172
495,199
495,211
495,223
495,226
495,232
495,300
495,302
495,305
495,332
495,342
495,349
495,351
495,364
495,380
495,398
495,413
495,414
495,432
495,447
495,462
495,466
495,492
495,494
495,584
495,588
495,495
495,498
495,518
495,499
495,554
496,179
496,575
496,526
496,496
497,47
497,58
497,66
497,86
497,116
497,149
497,156
497,226
497,351
497,398
497,433
497,449
497,558
497,562
497,554
497,499
497,497
498,56
498,57
498,58
498,66
498,88
498,115
498,134
498,211
498,305
498,340
498,341
498,342
498,349
498,376
498,413
498,439
498,447
498,462
498,492
498,495
498,582
498,498
498,519
498,539
498,544
499,57
499,58
499,115
499,134
499,211
499,340
499,341
499,429
499,443
499,447
499,459
499,492
499,494
499,495
499,497
499,520
499,571
499,499
499,544
500,91
500,152
500,211
500,252
500,285
500,297
500,324
500,333
500,343
500,364
500,413
500,417
500,433
500,549
500,500
500,553
501,61
501,109
501,140
501,150
501,169
501,230
501,277
501,324
501,486
501,488
501,491
501,501
502,23
502,488
502,502
503,23
503,56
503,69
503,139
503,168
503,169
503,173
503,267
503,283
503,300
503,320
503,385
503,398
503,452
503,524
503,558
503,504
503,503
503,575
504,23
504,148
504,151
504,213
504,300
504,317
504,320
504,437
504,452
504,503
504,575
504,504
505,19
505,103
505,237
505,571
505,572
505,505
506,288
506,506
507,38
507,73
507,95
507,102
507,197
507,375
507,398
507,414
507,459
507,507
508,516
508,508
509,43
509,69
509,150
509,158
509,159
509,173
509,212
509,215
509,304
509,379
509,509
510,286
510,463
510,510
511,47
511,53
511,69
511,149
511,158
511,159
511,172
511,173
511,190
511,314
511,351
511,375
511,457
511,459
511,467
511,488
511,562
511,512
511,511
512,29
512,58
512,69
512,94
512,102
512,134
512,149
512,158
512,159
512,168
512,169
512,173
512,207
512,232
512,277
512,308
512,378
512,398
512,443
512,467
512,488
512,511
512,584
512,520
512,524
512,562
512,512
513,351
513,398
513,540
513,513
514,50
514,53
514,74
514,98
514,134
514,141
514,182
514,198
514,199
514,257
514,265
514,300
514,323
514,436
514,569
514,514
515,380
515,515
516,64
516,89
516,130
516,140
516,163
516,170
516,173
516,193
516,232
516,235
516,254
516,275
516,314
516,342
516,398
516,434
516,450
516,482
516,489
516,492
516,508
516,516
516,531
516,550
517,69
517,77
517,138
517,249
517,268
517,357
517,364
517,451
517,464
517,485
517,517
518,66
518,211
518,226
518,305
518,326
518,332
518,334
518,341
518,369
518,385
518,447
518,468
518,495
518,518
518,530
518,566
519,66
519,134
519,177
519,184
519,288
519,300
519,305
519,306
519,326
519,332
519,334
519,349
519,380
519,384
519,385
519,447
519,492
519,494
519,498
519,519
520,27
520,72
520,129
520,149
520,203
520,224
520,251
520,316
520,351
520,356
520,358
520,364
520,370
520,403
520,499
520,512
520,547
520,586
520,546
520,520
521,227
521,417
521,469
521,521
521,522
521,538
522,17
522,227
522,386
522,417
522,469
522,473
522,521
522,522
522,566
522,538
523,179
523,197
523,341
523,523
523,526
524,11
524,23
524,29
524,73
524,126
524,158
524,177
524,188
524,201
524,212
524,215
524,253
524,274
524,277
524,285
524,304
524,321
524,327
524,328
524,334
524,335
524,362
524,367
524,380
524,398
524,418
524,422
524,424
524,427
524,441
524,448
524,503
524,512
524,586
524,524
524,531
524,558
524,562
525,27
525,47
525,72
525,91
525,125
525,252
525,398
525,472
525,527
525,564
525,525
526,54
526,179
526,308
526,496
526,523
526,526
527,8
527,132
527,193
527,254
527,256
527,525
527,529
527,566
527,527
528,206
528,252
528,299
528,338
528,424
528,467
528,528
528,541
528,562
529,8
529,29
529,35
529,49
529,63
529,69
529,109
529,127
529,132
529,140
529,150
529,156
529,172
529,173
529,182
529,193
529,232
529,256
529,304
529,329
529,352
529,380
529,385
529,389
529,434
529,469
529,472
529,482
529,490
529,527
529,537
529,584
529,583
529,532
529,563
529,564
529,529
530,12
530,185
530,232
530,373
530,432
530,518
530,530
531,173
531,232
531,257
531,300
531,359
531,476
531,516
531,524
531,531
531,532
531,566
531,537
532,197
532,232
532,257
532,379
532,529
532,531
532,532
533,14
533,65
533,89
533,292
533,343
533,355
533,367
533,443
533,533
534,69
534,534
535,91
535,207
535,232
535,535
536,72
536,83
536,105
536,208
536,398
536,536
536,568
537,10
537,23
537,49
537,57
537,58
537,63
537,69
537,127
537,131
537,140
537,150
537,164
537,172
537,173
537,186
537,211
537,232
537,235
537,257
537,278
537,304
537,306
537,321
537,340
537,352
537,366
537,379
537,381
537,382
537,434
537,469
537,476
537,482
537,492
537,529
537,531
537,584
537,537
538,19
538,25
538,353
538,469
538,489
538,521
538,522
538,538
539,53
539,56
539,74
539,114
539,186
539,198
539,300
539,314
539,318
539,342
539,367
539,382
539,468
539,498
539,539
540,69
540,99
540,178
540,220
540,231
540,273
540,295
540,385
540,427
540,513
540,540
541,39
541,139
541,168
541,169
541,232
541,234
541,252
541,398
541,424
541,430
541,467
541,528
541,566
541,541
542,12
542,94
542,111
542,185
542,232
542,542
543,47
543,122
543,226
543,247
543,248
543,259
543,340
543,368
543,492
543,543
544,5
544,11
544,19
544,25
544,29
544,50
544,53
544,57
544,74
544,114
544,125
544,134
544,135
544,168
544,182
544,186
544,211
544,300
544,305
544,306
544,308
544,314
544,320
544,324
544,330
544,333
544,342
544,350
544,369
544,375
544,379
544,380
544,393
544,406
544,410
544,411
544,429
544,432
544,436
544,447
544,456
544,457
544,458
544,459
544,462
544,492
544,498
544,499
544,586
544,571
544,558
544,554
544,566
544,544
544,545
544,572
545,25
545,74
545,139
545,172
545,320
545,443
545,544
545,545
546,27
546,47
546,72
546,99
546,102
546,224
546,251
546,277
546,356
546,398
546,441
546,520
546,586
546,546
547,56
547,57
547,69
547,172
547,211
547,232
547,300
547,341
547,342
547,351
547,380
547,463
547,520
547,547
548,39
548,173
548,177
548,232
548,288
548,300
548,304
548,313
548,327
548,340
548,341
548,342
548,369
548,380
548,449
548,455
548,549
548,548
549,8
549,10
549,23
549,39
549,109
549,122
549,140
549,150
549,172
549,173
549,179
549,223
549,272
549,341
549,355
549,367
549,398
549,413
549,449
549,492
549,500
549,548
549,586
549,549
549,553
550,5
550,39
550,43
550,64
550,67
550,69
550,91
550,122
550,177
550,200
550,306
550,320
550,337
550,356
550,398
550,432
550,468
550,472
550,487
550,516
550,550
551,39
551,122
551,449
551,551
552,57
552,552
553,116
553,153
553,211
553,265
553,285
553,324
553,343
553,380
553,413
553,422
553,500
553,549
553,553
554,85
554,91
554,100
554,117
554,122
554,171
554,172
554,177
554,211
554,237
554,246
554,259
554,265
554,331
554,340
554,341
554,342
554,343
554,351
554,373
554,376
554,380
554,382
554,413
554,414
554,432
554,433
554,456
554,459
554,472
554,495
554,497
554,544
554,554
554,562
554,574
555,21
555,23
555,80
555,106
555,151
555,159
555,177
555,194
555,197
555,240
555,300
555,302
555,324
555,333
555,340
555,341
555,349
555,398
555,413
555,414
555,431
555,472
555,555
555,559
556,5
556,19
556,34
556,91
556,97
556,122
556,149
556,285
556,288
556,335
556,391
556,398
556,402
556,411
556,413
556,428
556,430
556,431
556,432
556,433
556,441
556,452
556,458
556,467
556,472
556,558
556,562
556,556
556,573
557,19
557,23
557,41
557,57
557,158
557,159
557,557
558,12
558,47
558,53
558,56
558,77
558,94
558,128
558,134
558,139
558,149
558,154
558,161
558,164
558,168
558,169
558,172
558,176
558,186
558,197
558,207
558,208
558,215
558,232
558,255
558,283
558,300
558,323
558,324
558,343
558,357
558,370
558,375
558,380
558,398
558,443
558,456
558,457
558,459
558,467
558,497
558,503
558,524
558,544
558,556
558,584
558,558
558,559
558,562
558,563
559,380
559,555
559,558
559,559
560,385
560,560
561,149
561,402
561,561
562,18
562,27
562,47
562,56
562,77
562,122
562,139
562,149
562,162
562,168
562,169
562,207
562,208
562,226
562,230
562,232
562,252
562,338
562,380
562,398
562,399
562,424
562,434
562,451
562,459
562,467
562,481
562,488
562,497
562,511
562,512
562,524
562,528
562,554
562,556
562,558
562,562
563,8
563,10
563,63
563,109
563,125
563,130
563,140
563,144
563,150
563,164
563,172
563,180
563,182
563,216
563,232
563,235
563,257
563,282
563,304
563,308
563,321
563,323
563,340
563,359
563,385
563,434
563,461
563,469
563,476
563,529
563,558
563,588
563,563
564,19
564,25
564,77
564,86
564,91
564,134
564,139
564,172
564,308
564,324
564,420
564,421
564,432
564,452
564,525
564,529
564,564
564,571
564,572
565,209
565,259
565,565
566,56
566,91
566,101
566,109
566,148
566,168
566,169
566,172
566,185
566,203
566,229
566,232
566,259
566,272
566,283
566,320
566,354
566,382
566,410
566,430
566,432
566,433
566,434
566,436
566,482
566,483
566,518
566,522
566,527
566,531
566,541
566,544
566,573
566,575
566,566
567,172
567,268
567,332
567,385
567,567
568,177
568,340
568,536
568,568
569,30
569,207
569,283
569,514
569,569
570,398
570,432
570,570
571,4
571,19
571,23
571,25
571,47
571,91
571,97
571,103
571,139
571,201
571,211
571,237
571,285
571,320
571,324
571,380
571,389
571,398
571,405
571,432
571,433
571,452
571,453
571,494
571,499
571,505
571,544
571,564
571,586
571,571
571,572
572,19
572,91
572,97
572,103
572,114
572,139
572,237
572,320
572,405
572,430
572,433
572,505
572,544
572,564
572,571
572,573
572,572
573,29
573,91
573,103
573,139
573,153
573,259
573,261
573,299
573,380
573,430
573,432
573,433
573,556
573,566
573,572
573,573
574,41
574,413
574,472
574,554
574,574
575,80
575,94
575,109
575,180
575,257
575,288
575,340
575,341
575,496
575,503
575,504
575,566
575,575
576,386
576,576
577,233
577,313
577,382
577,456
577,459
577,577
578,29
578,392
578,490
578,590
578,578
579,248
579,579
580,73
580,91
580,150
580,199
580,341
580,379
580,432
580,580
581,380
581,458
581,581
582,211
582,341
582,342
582,447
582,498
582,582
583,173
583,232
583,359
583,434
583,529
583,583
584,40
584,49
584,63
584,69
584,73
584,127
584,140
584,150
584,158
584,172
584,173
584,182
584,207
584,208
584,211
584,230
584,232
584,235
584,240
584,257
584,272
584,278
584,304
584,315
584,341
584,342
584,352
584,366
584,380
584,381
584,434
584,441
584,461
584,469
584,482
584,495
584,512
584,529
584,537
584,558
584,584
585,348
585,585
586,22
586,27
586,28
586,36
586,61
586,72
586,73
586,77
586,93
586,134
586,144
586,152
586,211
586,251
586,321
586,329
586,351
586,358
586,398
586,406
586,444
586,459
586,460
586,462
586,463
586,479
586,520
586,524
586,544
586,546
586,549
586,571
586,586
586,590
587,0
587,232
587,587
588,4
588,211
588,215
588,226
588,232
588,342
588,434
588,495
588,563
588,588
589,70
589,92
589,223
589,228
589,229
589,303
589,332
589,411
589,430
589,590
589,589
590,9
590,19
590,22
590,23
590,24
590,47
590,70
590,73
590,92
590,122
590,169
590,197
590,223
590,228
590,229
590,259
590,261
590,292
590,303
590,320
590,332
590,341
590,357
590,399
590,432
590,434
590,456
590,459
590,578
590,586
590,589
590,590
